PassengerId,Transported
13_1,True
18_1,False
19_1,True
21_1,True
23_1,True
27_1,True
29_1,True
32_1,True
32_2,True
33_1,True
37_1,False
40_1,False
40_2,True
42_1,True
46_1,False
46_2,False
46_3,False
47_1,True
47_2,True
47_3,False
48_1,True
49_1,False
54_1,True
54_2,True
54_3,True
55_1,False
57_1,True
59_1,False
60_1,False
63_1,True
65_1,True
75_1,False
79_1,True
80_1,False
83_1,False
87_1,False
89_1,True
93_1,False
94_1,False
94_2,False
95_1,True
96_1,True
100_1,False
100_2,True
104_1,False
106_1,True
109_1,False
117_1,False
118_1,False
121_1,False
124_1,True
125_1,True
125_2,False
130_1,True
131_1,True
132_1,True
135_1,False
137_1,True
142_1,True
142_2,False
142_3,True
143_1,True
145_1,False
150_1,True
150_2,True
153_1,False
154_1,True
155_1,False
156_1,True
157_1,False
158_1,False
158_2,True
159_1,False
161_1,False
162_1,True
166_1,True
168_1,True
175_1,True
175_2,True
175_3,True
175_4,True
175_5,True
176_1,False
180_1,False
184_1,False
185_1,True
187_1,True
191_1,False
194_1,True
194_2,True
194_3,False
204_1,False
208_1,False
209_1,False
214_1,False
214_2,False
215_1,True
218_1,False
226_1,True
227_1,True
228_1,True
228_2,True
228_3,True
228_4,False
230_1,True
230_2,False
235_1,True
236_1,True
238_1,False
247_1,True
247_2,True
249_1,False
256_1,True
259_1,True
262_1,False
264_1,True
264_2,True
264_3,False
266_1,False
266_2,False
268_1,False
268_2,False
271_1,False
272_1,False
273_1,True
273_2,True
273_3,False
274_1,False
274_2,False
276_1,False
276_2,True
279_1,False
280_1,True
284_1,True
292_1,False
293_1,True
295_1,False
296_1,False
299_1,True
300_1,False
308_1,False
311_1,False
312_1,True
317_1,False
318_1,True
319_1,False
319_2,True
323_1,True
325_1,False
328_1,True
329_1,True
332_1,True
335_1,True
339_1,False
339_2,False
339_3,False
339_4,True
339_5,True
339_6,False
339_7,False
339_8,False
342_1,False
342_2,True
344_1,True
344_2,False
349_1,False
349_2,True
349_3,False
349_4,True
349_5,False
349_6,False
351_1,True
353_1,False
353_2,True
354_1,False
362_1,True
363_1,False
363_2,False
363_3,True
364_1,True
364_2,False
366_1,True
367_1,False
374_1,False
374_2,False
386_1,False
390_1,True
393_1,False
394_1,True
399_1,True
400_1,True
404_1,True
406_1,False
414_1,False
416_1,False
418_1,False
419_1,False
419_2,True
419_3,True
420_1,False
421_1,True
422_1,False
424_1,False
426_1,False
440_1,False
443_1,True
450_1,False
451_1,True
455_1,True
464_1,False
467_1,True
467_2,False
467_3,True
467_4,True
469_1,False
473_1,False
478_1,False
478_2,True
479_1,True
483_1,True
483_2,True
484_1,True
486_1,False
489_1,True
489_2,True
491_1,False
492_1,False
493_1,True
494_1,True
494_2,True
495_1,True
495_2,True
495_3,True
495_4,True
495_5,False
495_6,True
496_1,False
496_2,True
497_1,True
505_1,False
508_1,False
509_1,True
511_1,False
514_1,True
524_1,True
526_1,True
530_1,False
530_2,False
530_3,True
532_1,False
532_2,True
535_1,False
536_1,False
536_2,False
541_1,True
543_1,True
544_1,True
554_1,False
557_1,True
557_2,True
558_1,True
562_1,True
562_2,True
574_1,False
578_1,True
578_2,True
584_1,True
584_2,False
592_1,False
595_1,True
601_1,False
604_1,False
605_1,False
606_1,True
613_1,True
613_2,True
616_1,False
617_1,False
620_1,False
620_2,True
620_3,True
621_1,False
622_1,False
624_1,True
625_1,True
625_2,True
625_3,True
626_1,True
626_2,True
626_3,True
627_1,True
632_1,False
632_2,False
632_3,True
640_1,True
640_2,True
648_1,False
648_2,False
649_1,True
651_1,True
652_1,True
652_2,True
652_3,True
652_4,False
652_5,True
654_1,False
662_1,False
666_1,False
666_2,True
667_1,False
670_1,False
670_2,False
673_1,False
675_1,False
676_1,True
681_1,True
692_1,True
694_1,True
695_1,True
698_1,False
700_1,False
706_1,True
708_1,True
708_2,True
711_1,False
716_1,False
717_1,True
717_2,True
717_3,True
717_4,True
717_5,False
717_6,False
717_7,True
720_1,True
720_2,True
720_3,False
721_1,True
722_1,False
723_1,False
725_1,True
730_1,True
731_1,False
731_2,False
735_1,False
739_1,True
741_1,True
742_1,True
742_2,True
744_1,True
745_1,False
747_1,False
748_1,True
748_2,False
749_1,True
751_1,True
752_1,True
755_1,True
758_1,True
758_2,True
758_3,False
759_1,True
759_2,False
759_3,True
760_1,False
763_1,True
763_2,False
766_1,True
774_1,True
774_2,False
774_3,True
775_1,True
775_2,True
775_3,True
775_4,False
775_5,True
775_6,True
778_1,True
778_2,True
780_1,True
783_1,False
792_1,True
800_1,False
801_1,True
803_1,True
804_1,True
807_1,False
810_1,False
812_1,True
814_1,False
821_1,True
827_1,False
827_2,True
827_3,True
831_1,False
832_1,True
837_1,True
837_2,False
838_1,True
838_2,False
841_1,False
842_1,True
843_1,True
844_1,True
847_1,False
852_1,True
854_1,True
855_1,True
856_1,False
857_1,True
858_1,False
858_2,False
861_1,True
862_1,True
864_1,False
864_2,True
864_3,True
866_1,True
872_1,False
880_1,True
880_2,False
882_1,True
884_1,False
884_2,True
886_1,False
886_2,True
886_3,True
887_1,False
887_2,False
888_1,False
888_2,False
891_1,True
892_1,True
892_2,True
892_3,True
894_1,True
895_1,False
896_1,False
897_1,True
897_2,True
900_1,True
908_1,True
909_1,False
909_2,True
909_3,True
914_1,False
916_1,False
917_1,True
920_1,False
929_1,False
934_1,False
936_1,False
937_1,True
943_1,True
943_2,True
943_3,False
945_1,False
945_2,False
948_1,False
950_1,True
954_1,True
958_1,False
959_1,False
962_1,True
963_1,True
967_1,False
973_1,False
974_1,False
977_1,True
980_1,False
981_1,False
981_2,True
986_1,False
986_2,True
996_1,False
999_1,True
999_2,False
1003_1,False
1007_1,False
1009_1,False
1010_1,True
1016_1,False
1021_1,False
1023_1,True
1028_1,True
1037_1,False
1039_1,False
1042_1,False
1044_1,True
1050_1,False
1055_1,False
1059_1,True
1059_2,True
1061_1,True
1064_1,False
1064_2,True
1067_1,False
1069_1,True
1070_1,False
1072_1,True
1072_2,False
1072_3,False
1072_4,False
1072_5,False
1072_6,False
1072_7,False
1072_8,True
1073_1,False
1074_1,True
1074_2,True
1081_1,True
1087_1,True
1090_1,True
1090_2,False
1092_1,True
1098_1,False
1101_1,False
1103_1,False
1104_1,True
1106_1,False
1106_2,True
1107_1,False
1109_1,False
1111_1,True
1111_2,True
1111_3,False
1118_1,False
1118_2,True
1118_3,True
1118_4,True
1118_5,False
1119_1,False
1119_2,True
1120_1,True
1122_1,True
1124_1,True
1124_2,True
1124_3,True
1125_1,False
1125_2,True
1126_1,True
1128_1,True
1128_2,True
1131_1,True
1135_1,False
1135_2,True
1135_3,False
1135_4,True
1137_1,True
1137_2,False
1138_1,True
1139_1,True
1143_1,True
1145_1,True
1145_2,False
1145_3,False
1145_4,True
1151_1,True
1157_1,False
1158_1,True
1158_2,False
1159_1,True
1159_2,False
1159_3,True
1160_1,True
1164_1,True
1171_1,False
1172_1,True
1176_1,False
1181_1,False
1183_1,True
1183_2,True
1183_3,True
1184_1,True
1184_2,True
1189_1,False
1194_1,False
1196_1,False
1196_2,False
1200_1,True
1201_1,False
1201_2,True
1202_1,False
1204_1,False
1205_1,False
1207_1,False
1207_2,False
1207_3,True
1207_4,False
1209_1,False
1209_2,True
1217_1,True
1217_2,True
1219_1,False
1219_2,True
1224_1,True
1224_2,True
1226_1,True
1226_2,True
1227_1,True
1237_1,True
1241_1,False
1244_1,True
1245_1,True
1247_1,True
1249_1,False
1251_1,True
1252_1,False
1253_1,False
1257_1,True
1257_2,True
1257_3,True
1257_4,True
1262_1,True
1262_2,False
1265_1,True
1266_1,False
1268_1,True
1270_1,True
1272_1,False
1275_1,False
1276_1,True
1277_1,False
1290_1,False
1296_1,False
1297_1,True
1298_1,True
1301_1,False
1301_2,False
1301_3,True
1303_1,False
1305_1,True
1313_1,False
1314_1,False
1315_1,False
1318_1,True
1319_1,False
1319_2,False
1320_1,True
1320_2,True
1320_3,True
1321_1,True
1321_2,True
1321_3,False
1321_4,False
1327_1,True
1329_1,False
1334_1,False
1338_1,True
1338_2,True
1339_1,True
1341_1,False
1341_2,False
1341_3,True
1343_1,False
1343_2,True
1343_3,False
1344_1,False
1346_1,False
1349_1,True
1349_2,True
1354_1,False
1354_2,True
1354_3,True
1354_4,True
1354_5,True
1354_6,True
1354_7,True
1358_1,True
1358_2,False
1359_1,False
1361_1,True
1361_2,False
1363_1,False
1364_1,False
1364_2,True
1367_1,True
1369_1,False
1369_2,True
1369_3,True
1372_1,True
1373_1,False
1374_1,True
1388_1,True
1392_1,True
1394_1,True
1396_1,False
1405_1,False
1409_1,False
1409_2,True
1411_1,False
1418_1,False
1422_1,True
1422_2,False
1422_3,False
1429_1,True
1432_1,True
1432_2,False
1436_1,True
1437_1,False
1441_1,False
1446_1,False
1448_1,False
1449_1,False
1456_1,False
1459_1,False
1464_1,False
1466_1,True
1468_1,False
1469_1,False
1469_2,True
1470_1,True
1471_1,True
1471_2,True
1471_3,True
1471_4,True
1471_5,True
1472_1,True
1473_1,False
1473_2,False
1475_1,False
1476_1,False
1477_1,True
1477_2,False
1480_1,True
1482_1,True
1483_1,False
1486_1,True
1487_1,True
1487_2,False
1492_1,False
1492_2,True
1494_1,False
1495_1,False
1495_2,True
1496_1,True
1497_1,True
1497_2,True
1502_1,False
1502_2,True
1502_3,True
1502_4,True
1504_1,False
1505_1,False
1508_1,False
1512_1,True
1513_1,True
1514_1,True
1516_1,True
1517_1,False
1518_1,False
1518_2,False
1519_1,False
1522_1,True
1530_1,True
1534_1,False
1534_2,False
1535_1,False
1537_1,True
1538_1,False
1538_2,False
1546_1,True
1549_1,False
1553_1,True
1553_2,False
1554_1,True
1554_2,False
1556_1,True
1557_1,True
1559_1,True
1559_2,True
1563_1,True
1566_1,True
1570_1,False
1571_1,False
1574_1,True
1575_1,True
1582_1,True
1582_2,False
1583_1,True
1586_1,False
1587_1,True
1587_2,False
1589_1,False
1591_1,False
1591_2,True
1598_1,True
1598_2,True
1600_1,False
1605_1,False
1607_1,True
1609_1,False
1610_1,True
1616_1,True
1618_1,False
1620_1,False
1623_1,False
1627_1,True
1629_1,True
1629_2,True
1629_3,True
1629_4,True
1629_5,True
1629_6,True
1639_1,False
1641_1,True
1642_1,False
1643_1,False
1648_1,True
1652_1,True
1654_1,False
1664_1,False
1665_1,True
1665_2,True
1667_1,False
1675_1,True
1678_1,False
1679_1,True
1680_1,False
1680_2,True
1683_1,False
1684_1,False
1686_1,False
1689_1,True
1689_2,True
1689_3,True
1692_1,True
1693_1,True
1701_1,True
1702_1,True
1703_1,False
1706_1,False
1707_1,False
1716_1,False
1720_1,False
1722_1,False
1726_1,True
1726_2,True
1726_3,True
1732_1,True
1735_1,False
1737_1,False
1741_1,False
1741_2,True
1741_3,True
1743_1,False
1744_1,False
1750_1,True
1751_1,True
1751_2,True
1754_1,True
1756_1,False
1759_1,True
1765_1,True
1773_1,False
1777_1,False
1777_2,True
1780_1,False
1784_1,False
1787_1,True
1788_1,False
1789_1,True
1790_1,True
1790_2,True
1791_1,True
1791_2,True
1793_1,False
1793_2,True
1794_1,False
1795_1,False
1801_1,True
1801_2,False
1809_1,True
1814_1,False
1814_2,True
1814_3,True
1815_1,True
1819_1,False
1820_1,True
1824_1,False
1825_1,False
1825_2,False
1830_1,True
1832_1,False
1835_1,True
1835_2,True
1837_1,True
1838_1,True
1839_1,False
1840_1,True
1842_1,False
1845_1,False
1851_1,False
1851_2,True
1852_1,True
1852_2,True
1852_3,True
1852_4,True
1858_1,True
1862_1,False
1862_2,False
1862_3,True
1867_1,True
1869_1,False
1870_1,False
1875_1,True
1876_1,False
1883_1,True
1885_1,True
1893_1,True
1894_1,True
1895_1,False
1896_1,False
1900_1,True
1904_1,False
1909_1,True
1909_2,True
1909_3,False
1910_1,True
1910_2,False
1910_3,False
1910_4,True
1912_1,False
1913_1,True
1913_2,True
1913_3,True
1914_1,False
1917_1,True
1919_1,True
1921_1,False
1921_2,False
1924_1,True
1929_1,False
1930_1,False
1932_1,False
1934_1,False
1936_1,False
1943_1,False
1944_1,False
1948_1,False
1948_2,True
1949_1,False
1951_1,True
1951_2,False
1954_1,False
1955_1,False
1958_1,False
1965_1,True
1966_1,True
1970_1,False
1972_1,False
1982_1,False
1986_1,True
1987_1,True
1989_1,True
1990_1,True
1990_2,True
1998_1,False
2002_1,True
2004_1,True
2005_1,False
2005_2,True
2008_1,False
2014_1,True
2016_1,True
2016_2,False
2017_1,True
2017_2,False
2018_1,True
2020_1,True
2021_1,True
2023_1,False
2023_2,True
2023_3,True
2025_1,False
2030_1,False
2031_1,False
2033_1,False
2035_1,False
2035_2,True
2036_1,True
2036_2,False
2036_3,True
2037_1,True
2037_2,False
2039_1,True
2039_2,True
2039_3,True
2047_1,True
2048_1,True
2049_1,True
2050_1,False
2057_1,False
2057_2,True
2057_3,False
2057_4,True
2057_5,False
2058_1,False
2064_1,True
2068_1,True
2068_2,True
2068_3,True
2068_4,False
2068_5,True
2069_1,False
2072_1,False
2072_2,False
2076_1,True
2077_1,False
2078_1,True
2079_1,True
2079_2,False
2079_3,False
2093_1,False
2098_1,False
2101_1,True
2101_2,True
2103_1,False
2108_1,False
2108_2,True
2109_1,True
2113_1,True
2119_1,False
2119_2,True
2122_1,False
2132_1,True
2146_1,True
2146_2,True
2151_1,True
2155_1,False
2157_1,False
2160_1,False
2160_2,True
2160_3,True
2165_1,True
2166_1,False
2169_1,False
2170_1,False
2174_1,False
2176_1,True
2178_1,False
2181_1,False
2184_1,True
2184_2,True
2185_1,True
2192_1,False
2197_1,True
2199_1,True
2208_1,False
2213_1,False
2214_1,False
2216_1,False
2217_1,False
2218_1,False
2222_1,True
2226_1,False
2227_1,True
2230_1,False
2236_1,True
2240_1,True
2240_2,False
2240_3,True
2242_1,True
2244_1,True
2245_1,True
2245_2,True
2246_1,True
2246_2,False
2247_1,False
2248_1,False
2249_1,False
2250_1,False
2259_1,True
2259_2,True
2260_1,True
2265_1,False
2271_1,False
2276_1,True
2276_2,False
2283_1,False
2285_1,False
2286_1,False
2290_1,True
2292_1,True
2293_1,True
2294_1,True
2297_1,False
2304_1,True
2307_1,True
2307_2,True
2307_3,True
2307_4,True
2307_5,True
2322_1,False
2323_1,False
2324_1,False
2326_1,True
2328_1,False
2330_1,False
2331_1,True
2334_1,False
2335_1,True
2337_1,True
2342_1,False
2343_1,True
2343_2,True
2344_1,False
2344_2,True
2346_1,False
2350_1,False
2350_2,False
2350_3,True
2351_1,False
2351_2,False
2352_1,True
2354_1,False
2355_1,True
2355_2,True
2355_3,False
2355_4,True
2358_1,False
2359_1,False
2362_1,False
2370_1,True
2370_2,True
2370_3,False
2370_4,True
2371_1,True
2372_1,False
2378_1,False
2378_2,True
2380_1,False
2380_2,True
2381_1,True
2383_1,False
2383_2,False
2386_1,True
2388_1,False
2388_2,True
2393_1,False
2394_1,True
2394_2,True
2394_3,False
2400_1,False
2405_1,False
2407_1,True
2408_1,False
2415_1,True
2418_1,False
2420_1,False
2422_1,False
2422_2,True
2425_1,False
2425_2,True
2425_3,True
2425_4,True
2425_5,True
2425_6,True
2428_1,False
2430_1,True
2430_2,True
2430_3,False
2434_1,True
2434_2,False
2437_1,False
2440_1,False
2447_1,False
2448_1,True
2448_2,True
2450_1,False
2459_1,True
2464_1,False
2465_1,True
2468_1,True
2469_1,True
2469_2,False
2473_1,False
2481_1,True
2481_2,False
2482_1,False
2482_2,False
2484_1,True
2484_2,False
2485_1,False
2487_1,True
2487_2,True
2487_3,False
2490_1,False
2493_1,False
2493_2,False
2494_1,True
2494_2,False
2495_1,False
2501_1,True
2504_1,True
2507_1,True
2511_1,False
2514_1,True
2517_1,True
2525_1,False
2529_1,False
2533_1,False
2536_1,True
2538_1,True
2538_2,True
2539_1,True
2543_1,True
2554_1,True
2556_1,True
2563_1,True
2566_1,False
2567_1,True
2567_2,True
2568_1,True
2569_1,False
2570_1,True
2575_1,True
2576_1,True
2577_1,True
2577_2,True
2579_1,False
2583_1,True
2585_1,True
2586_1,False
2587_1,True
2587_2,True
2600_1,True
2603_1,True
2603_2,True
2604_1,True
2608_1,True
2610_1,False
2611_1,False
2612_1,False
2613_1,False
2614_1,False
2615_1,False
2620_1,True
2621_1,False
2623_1,False
2630_1,False
2630_2,True
2630_3,True
2632_1,False
2637_1,False
2637_2,True
2637_3,True
2639_1,True
2644_1,False
2653_1,False
2654_1,False
2656_1,True
2665_1,False
2667_1,True
2667_2,False
2667_3,False
2667_4,True
2667_5,True
2669_1,False
2673_1,True
2674_1,True
2674_2,True
2680_1,False
2681_1,True
2686_1,False
2689_1,False
2694_1,True
2694_2,True
2696_1,True
2699_1,False
2705_1,True
2710_1,True
2710_2,True
2711_1,True
2715_1,False
2715_2,False
2716_1,False
2716_2,True
2719_1,False
2719_2,True
2719_3,False
2728_1,True
2731_1,True
2733_1,False
2735_1,False
2742_1,True
2744_1,True
2749_1,True
2757_1,False
2761_1,False
2761_2,True
2766_1,True
2767_1,False
2771_1,False
2775_1,False
2776_1,True
2777_1,True
2779_1,False
2782_1,False
2791_1,False
2794_1,False
2794_2,False
2794_3,True
2794_4,True
2794_5,False
2794_6,True
2794_7,True
2800_1,True
2803_1,True
2804_1,True
2808_1,True
2808_2,True
2815_1,False
2815_2,True
2815_3,False
2816_1,True
2827_1,True
2828_1,False
2829_1,True
2830_1,True
2833_1,True
2836_1,True
2841_1,False
2842_1,True
2844_1,False
2845_1,True
2845_2,True
2848_1,True
2848_2,True
2848_3,True
2849_1,False
2850_1,True
2850_2,True
2850_3,False
2850_4,True
2851_1,False
2855_1,True
2864_1,False
2868_1,True
2868_2,True
2868_3,True
2868_4,True
2874_1,False
2879_1,False
2885_1,False
2886_1,False
2889_1,False
2895_1,True
2896_1,False
2898_1,True
2898_2,True
2903_1,False
2904_1,False
2904_2,True
2911_1,True
2914_1,True
2915_1,True
2916_1,True
2917_1,False
2918_1,False
2921_1,False
2922_1,True
2923_1,True
2924_1,False
2931_1,True
2931_2,False
2932_1,True
2933_1,False
2937_1,False
2939_1,False
2946_1,False
2946_2,False
2946_3,False
2946_4,False
2947_1,True
2951_1,False
2952_1,False
2955_1,False
2957_1,True
2963_1,True
2967_1,False
2973_1,False
2974_1,False
2976_1,True
2976_2,True
2976_3,True
2976_4,False
2977_1,False
2977_2,False
2977_3,False
2978_1,False
2980_1,False
2981_1,True
2985_1,True
2987_1,False
2989_1,False
2991_1,False
2997_1,True
2997_2,False
2997_3,False
2997_4,True
2999_1,False
3002_1,False
3007_1,False
3008_1,True
3008_2,False
3008_3,True
3008_4,True
3008_5,True
3008_6,True
3011_1,True
3016_1,True
3016_2,True
3016_3,True
3016_4,False
3017_1,True
3028_1,True
3031_1,True
3035_1,True
3037_1,True
3037_2,True
3041_1,False
3043_1,True
3046_1,False
3049_1,False
3051_1,False
3052_1,False
3056_1,True
3057_1,True
3058_1,False
3059_1,True
3069_1,False
3072_1,True
3074_1,True
3075_1,True
3077_1,True
3077_2,True
3078_1,False
3078_2,False
3078_3,True
3078_4,False
3086_1,True
3089_1,True
3094_1,True
3097_1,False
3098_1,False
3101_1,False
3105_1,True
3105_2,True
3105_3,True
3106_1,True
3107_1,False
3108_1,True
3109_1,True
3115_1,True
3122_1,False
3122_2,False
3125_1,False
3125_2,False
3127_1,True
3129_1,True
3135_1,False
3137_1,True
3139_1,False
3141_1,True
3144_1,False
3146_1,False
3148_1,True
3148_2,False
3150_1,True
3151_1,True
3153_1,False
3153_2,True
3154_1,True
3155_1,True
3155_2,True
3156_1,False
3157_1,False
3160_1,False
3165_1,False
3167_1,False
3170_1,True
3173_1,True
3177_1,False
3178_1,True
3183_1,False
3186_1,True
3187_1,False
3190_1,False
3190_2,True
3194_1,False
3198_1,False
3199_1,True
3202_1,False
3207_1,False
3208_1,False
3214_1,True
3222_1,False
3226_1,True
3228_1,False
3231_1,True
3233_1,True
3234_1,False
3242_1,False
3244_1,True
3244_2,True
3244_3,True
3245_1,True
3245_2,False
3246_1,True
3249_1,False
3249_2,False
3250_1,False
3251_1,False
3257_1,True
3261_1,False
3263_1,True
3264_1,False
3265_1,False
3265_2,True
3265_3,True
3265_4,True
3266_1,True
3267_1,True
3277_1,False
3278_1,True
3281_1,True
3285_1,False
3285_2,True
3286_1,False
3288_1,True
3290_1,True
3290_2,False
3291_1,True
3302_1,False
3303_1,False
3306_1,False
3307_1,True
3316_1,True
3320_1,False
3320_2,False
3321_1,True
3333_1,False
3334_1,True
3335_1,False
3340_1,False
3341_1,True
3341_2,False
3344_1,True
3344_2,True
3345_1,True
3345_2,False
3345_3,True
3346_1,False
3347_1,True
3347_2,False
3351_1,True
3351_2,True
3354_1,False
3355_1,True
3356_1,False
3358_1,False
3362_1,False
3362_2,False
3366_1,True
3367_1,True
3368_1,True
3368_2,True
3368_3,False
3368_4,True
3368_5,False
3368_6,False
3368_7,False
3369_1,False
3373_1,True
3374_1,False
3375_1,False
3376_1,True
3378_1,False
3379_1,True
3385_1,True
3388_1,True
3393_1,True
3398_1,False
3399_1,False
3400_1,True
3407_1,False
3407_2,False
3411_1,True
3411_2,False
3411_3,False
3411_4,False
3411_5,True
3411_6,True
3411_7,False
3414_1,False
3416_1,False
3427_1,True
3429_1,True
3435_1,False
3436_1,True
3448_1,True
3448_2,True
3451_1,False
3452_1,False
3457_1,False
3460_1,False
3463_1,True
3466_1,False
3471_1,False
3472_1,True
3477_1,False
3477_2,True
3479_1,False
3481_1,False
3482_1,False
3482_2,True
3493_1,True
3494_1,False
3494_2,True
3498_1,False
3500_1,False
3502_1,False
3503_1,False
3505_1,False
3507_1,True
3508_1,False
3508_2,True
3509_1,True
3509_2,False
3510_1,True
3513_1,True
3513_2,True
3513_3,False
3513_4,True
3516_1,False
3517_1,True
3522_1,True
3524_1,False
3526_1,False
3529_1,True
3532_1,True
3538_1,False
3541_1,False
3544_1,False
3544_2,True
3545_1,False
3549_1,False
3549_2,True
3551_1,False
3554_1,False
3557_1,False
3571_1,True
3574_1,False
3575_1,False
3580_1,True
3580_2,True
3581_1,False
3583_1,False
3585_1,True
3587_1,True
3587_2,False
3587_3,True
3589_1,False
3589_2,False
3589_3,True
3589_4,True
3589_5,False
3589_6,True
3589_7,True
3590_1,False
3593_1,True
3599_1,True
3601_1,False
3601_2,True
3601_3,True
3601_4,True
3601_5,True
3601_6,False
3601_7,True
3603_1,True
3603_2,True
3604_1,False
3611_1,False
3617_1,False
3617_2,True
3617_3,False
3618_1,True
3618_2,False
3618_3,True
3618_4,False
3621_1,False
3621_2,False
3623_1,True
3627_1,True
3632_1,False
3633_1,True
3635_1,True
3635_2,False
3637_1,False
3638_1,False
3643_1,True
3646_1,True
3646_2,True
3649_1,False
3651_1,True
3656_1,True
3656_2,False
3657_1,True
3657_2,True
3657_3,False
3659_1,False
3659_2,True
3659_3,True
3659_4,True
3659_5,False
3659_6,False
3659_7,True
3661_1,False
3663_1,True
3666_1,False
3669_1,True
3670_1,True
3672_1,False
3672_2,False
3673_1,True
3675_1,True
3675_2,True
3675_3,True
3676_1,True
3683_1,True
3683_2,True
3684_1,True
3684_2,True
3685_1,True
3687_1,True
3689_1,False
3694_1,True
3695_1,False
3696_1,True
3697_1,False
3698_1,False
3701_1,True
3701_2,False
3701_3,True
3709_1,True
3712_1,True
3712_2,True
3712_3,True
3712_4,True
3712_5,True
3717_1,False
3717_2,True
3718_1,True
3720_1,True
3720_2,True
3720_3,True
3721_1,False
3722_1,False
3723_1,False
3725_1,True
3727_1,False
3730_1,True
3731_1,True
3738_1,True
3740_1,False
3746_1,False
3746_2,False
3746_3,True
3746_4,True
3762_1,False
3763_1,False
3764_1,True
3764_2,True
3766_1,True
3766_2,True
3780_1,True
3782_1,False
3782_2,False
3791_1,False
3792_1,True
3794_1,True
3799_1,False
3800_1,True
3802_1,False
3806_1,True
3808_1,True
3809_1,False
3809_2,True
3813_1,True
3819_1,False
3825_1,False
3827_1,False
3828_1,True
3828_2,False
3828_3,True
3829_1,False
3829_2,True
3833_1,True
3834_1,True
3837_1,False
3840_1,False
3843_1,True
3844_1,True
3844_2,True
3845_1,False
3855_1,True
3858_1,True
3858_2,True
3858_3,False
3858_4,False
3859_1,True
3860_1,True
3861_1,False
3863_1,False
3865_1,True
3869_1,True
3876_1,True
3876_2,True
3876_3,True
3877_1,False
3878_1,False
3880_1,False
3881_1,False
3882_1,True
3884_1,False
3885_1,False
3887_1,True
3889_1,True
3889_2,True
3891_1,True
3892_1,True
3892_2,False
3893_1,False
3893_2,True
3893_3,False
3900_1,False
3901_1,True
3902_1,True
3905_1,True
3906_1,False
3906_2,False
3908_1,False
3908_2,True
3910_1,True
3914_1,False
3918_1,False
3920_1,False
3925_1,False
3925_2,False
3929_1,True
3934_1,True
3934_2,False
3943_1,True
3943_2,True
3943_3,False
3947_1,False
3951_1,False
3953_1,True
3956_1,False
3957_1,True
3965_1,False
3969_1,False
3972_1,True
3975_1,False
3978_1,True
3979_1,False
3982_1,False
3983_1,False
3989_1,True
3989_2,True
3989_3,True
3989_4,True
3990_1,True
3993_1,False
4004_1,False
4007_1,False
4011_1,True
4012_1,True
4012_2,True
4015_1,True
4015_2,False
4024_1,True
4025_1,True
4028_1,False
4029_1,True
4041_1,True
4048_1,True
4048_2,True
4048_3,True
4051_1,True
4052_1,True
4054_1,True
4054_2,True
4054_3,False
4056_1,False
4057_1,False
4059_1,True
4059_2,False
4062_1,False
4067_1,False
4070_1,True
4070_2,True
4070_3,True
4073_1,False
4073_2,True
4074_1,False
4077_1,False
4085_1,False
4086_1,False
4086_2,True
4086_3,True
4087_1,True
4088_1,True
4092_1,True
4094_1,False
4094_2,False
4100_1,True
4105_1,False
4111_1,True
4117_1,False
4118_1,False
4119_1,False
4121_1,False
4122_1,False
4123_1,False
4124_1,False
4126_1,False
4133_1,True
4133_2,True
4136_1,True
4136_2,False
4138_1,False
4139_1,False
4146_1,True
4148_1,True
4153_1,False
4155_1,True
4157_1,False
4161_1,True
4162_1,True
4164_1,True
4180_1,True
4180_2,False
4187_1,False
4190_1,True
4192_1,False
4193_1,True
4195_1,False
4198_1,True
4200_1,False
4201_1,False
4202_1,True
4202_2,False
4209_1,False
4217_1,False
4224_1,False
4224_2,True
4226_1,True
4226_2,False
4227_1,False
4228_1,False
4234_1,False
4234_2,False
4235_1,False
4235_2,False
4236_1,True
4236_2,True
4241_1,False
4247_1,True
4247_2,False
4248_1,False
4248_2,False
4250_1,True
4263_1,False
4263_2,True
4263_3,True
4265_1,True
4268_1,True
4268_2,True
4269_1,False
4275_1,False
4276_1,False
4277_1,True
4279_1,False
4281_1,False
4282_1,True
4283_1,False
4284_1,True
4284_2,False
4285_1,False
4286_1,True
4286_2,False
4286_3,True
4287_1,False
4288_1,True
4288_2,False
4290_1,False
4298_1,False
4298_2,True
4298_3,True
4299_1,False
4304_1,False
4307_1,True
4308_1,True
4310_1,False
4313_1,True
4314_1,True
4321_1,True
4322_1,True
4323_1,True
4323_2,True
4323_3,True
4323_4,True
4325_1,True
4326_1,False
4328_1,True
4331_1,True
4341_1,False
4341_2,True
4342_1,True
4353_1,False
4355_1,True
4363_1,True
4374_1,False
4375_1,True
4377_1,True
4377_2,True
4377_3,True
4378_1,False
4378_2,False
4379_1,True
4380_1,False
4381_1,True
4381_2,False
4384_1,True
4385_1,False
4385_2,True
4385_3,True
4389_1,False
4394_1,False
4398_1,False
4406_1,False
4412_1,False
4414_1,True
4417_1,True
4418_1,False
4419_1,False
4419_2,False
4420_1,False
4420_2,True
4421_1,False
4423_1,False
4425_1,True
4425_2,True
4434_1,False
4435_1,True
4435_2,True
4439_1,True
4439_2,True
4442_1,True
4443_1,True
4443_2,False
4454_1,True
4455_1,False
4455_2,False
4455_3,True
4458_1,True
4460_1,True
4468_1,True
4471_1,False
4478_1,False
4480_1,True
4481_1,False
4484_1,False
4488_1,False
4489_1,False
4495_1,False
4499_1,True
4503_1,False
4504_1,True
4507_1,False
4513_1,False
4519_1,True
4520_1,False
4523_1,True
4523_2,True
4523_3,False
4523_4,True
4523_5,True
4523_6,True
4525_1,False
4526_1,False
4527_1,False
4528_1,True
4536_1,False
4540_1,True
4541_1,False
4545_1,False
4548_1,True
4551_1,True
4551_2,True
4551_3,True
4551_4,True
4554_1,False
4556_1,False
4566_1,False
4578_1,False
4579_1,True
4582_1,True
4582_2,True
4582_3,True
4582_4,True
4582_5,True
4582_6,True
4582_7,True
4583_1,True
4583_2,True
4583_3,True
4584_1,False
4588_1,False
4589_1,True
4590_1,False
4598_1,False
4599_1,True
4600_1,True
4600_2,True
4601_1,False
4614_1,True
4614_2,False
4616_1,False
4618_1,False
4619_1,True
4626_1,True
4626_2,False
4627_1,False
4629_1,False
4636_1,True
4639_1,True
4639_2,True
4639_3,False
4639_4,False
4639_5,True
4639_6,True
4647_1,True
4660_1,True
4666_1,False
4669_1,True
4670_1,False
4671_1,True
4671_2,True
4671_3,True
4671_4,True
4674_1,False
4675_1,False
4675_2,False
4681_1,False
4682_1,True
4683_1,True
4683_2,True
4685_1,True
4687_1,False
4688_1,False
4692_1,False
4697_1,True
4698_1,True
4700_1,True
4701_1,True
4701_2,True
4701_3,True
4701_4,True
4702_1,True
4702_2,False
4703_1,True
4703_2,True
4705_1,True
4705_2,False
4707_1,False
4707_2,False
4715_1,True
4716_1,False
4718_1,True
4722_1,False
4724_1,True
4727_1,False
4727_2,True
4729_1,False
4731_1,True
4734_1,False
4735_1,True
4736_1,True
4737_1,False
4740_1,True
4742_1,False
4745_1,True
4747_1,True
4747_2,False
4749_1,False
4751_1,False
4760_1,True
4761_1,True
4761_2,True
4761_3,True
4765_1,True
4766_1,True
4767_1,True
4768_1,True
4768_2,True
4771_1,True
4776_1,True
4776_2,True
4776_3,True
4776_4,True
4779_1,False
4781_1,False
4789_1,True
4799_1,False
4799_2,False
4799_3,False
4800_1,False
4802_1,True
4802_2,False
4805_1,True
4806_1,True
4809_1,False
4811_1,True
4812_1,True
4816_1,False
4820_1,True
4820_2,False
4821_1,False
4824_1,True
4825_1,True
4826_1,True
4833_1,False
4833_2,False
4834_1,True
4835_1,False
4839_1,False
4843_1,False
4843_2,False
4844_1,False
4849_1,True
4852_1,True
4854_1,True
4855_1,True
4855_2,False
4858_1,False
4859_1,True
4860_1,True
4861_1,False
4865_1,False
4867_1,False
4869_1,False
4872_1,False
4877_1,True
4894_1,True
4905_1,True
4906_1,False
4907_1,True
4908_1,False
4914_1,False
4919_1,False
4921_1,False
4922_1,True
4926_1,False
4928_1,True
4931_1,False
4935_1,False
4935_2,True
4935_3,False
4936_1,False
4947_1,False
4948_1,False
4949_1,True
4949_2,False
4953_1,True
4955_1,False
4957_1,True
4959_1,True
4960_1,False
4962_1,True
4966_1,True
4966_2,True
4967_1,False
4968_1,True
4969_1,True
4969_2,False
4971_1,True
4976_1,True
4982_1,True
4984_1,False
4984_2,False
4985_1,True
4986_1,False
4988_1,True
4993_1,True
4994_1,False
5001_1,True
5002_1,True
5011_1,True
5022_1,False
5024_1,True
5024_2,True
5024_3,True
5024_4,False
5024_5,True
5026_1,False
5029_1,True
5029_2,True
5030_1,True
5031_1,False
5031_2,True
5033_1,False
5033_2,False
5037_1,True
5038_1,False
5038_2,True
5041_1,True
5043_1,True
5043_2,True
5043_3,True
5045_1,True
5046_1,True
5047_1,True
5049_1,False
5053_1,False
5054_1,False
5055_1,True
5056_1,True
5056_2,True
5066_1,True
5071_1,False
5075_1,True
5077_1,False
5078_1,False
5079_1,True
5081_1,False
5082_1,False
5086_1,True
5086_2,True
5092_1,True
5094_1,True
5094_2,False
5096_1,False
5096_2,False
5098_1,False
5098_2,True
5098_3,True
5099_1,False
5100_1,True
5101_1,True
5102_1,False
5107_1,False
5110_1,True
5113_1,False
5114_1,True
5117_1,False
5118_1,True
5119_1,False
5121_1,False
5123_1,False
5131_1,True
5131_2,True
5134_1,False
5135_1,False
5139_1,False
5141_1,True
5143_1,True
5147_1,True
5149_1,False
5149_2,True
5150_1,True
5153_1,True
5155_1,False
5159_1,False
5159_2,False
5164_1,True
5164_2,True
5168_1,False
5169_1,False
5172_1,False
5178_1,True
5183_1,True
5189_1,True
5191_1,False
5195_1,False
5200_1,False
5203_1,True
5203_2,True
5212_1,False
5215_1,False
5219_1,True
5219_2,True
5222_1,True
5228_1,False
5228_2,False
5231_1,False
5232_1,False
5232_2,False
5233_1,True
5237_1,True
5241_1,True
5241_2,True
5245_1,True
5259_1,False
5261_1,False
5263_1,False
5267_1,True
5267_2,True
5267_3,True
5270_1,True
5283_1,False
5284_1,True
5285_1,True
5286_1,False
5289_1,True
5293_1,False
5293_2,False
5294_1,False
5295_1,False
5296_1,False
5302_1,True
5306_1,True
5306_2,True
5308_1,True
5308_2,True
5308_3,False
5309_1,True
5311_1,True
5317_1,False
5317_2,True
5318_1,True
5318_2,True
5319_1,False
5321_1,False
5324_1,True
5328_1,True
5329_1,False
5329_2,True
5329_3,True
5329_4,True
5329_5,False
5329_6,True
5329_7,True
5332_1,True
5335_1,True
5335_2,True
5335_3,False
5335_4,True
5336_1,False
5338_1,True
5339_1,True
5339_2,True
5339_3,True
5342_1,False
5349_1,True
5352_1,True
5357_1,True
5357_2,True
5357_3,False
5357_4,False
5358_1,True
5364_1,False
5369_1,True
5369_2,False
5369_3,True
5370_1,False
5371_1,True
5371_2,False
5371_3,True
5371_4,True
5373_1,False
5376_1,True
5376_2,True
5377_1,True
5381_1,False
5382_1,True
5382_2,True
5386_1,True
5391_1,False
5393_1,False
5398_1,True
5399_1,False
5400_1,True
5403_1,False
5405_1,False
5407_1,True
5409_1,False
5417_1,False
5419_1,False
5426_1,True
5428_1,False
5428_2,True
5429_1,False
5432_1,True
5433_1,True
5439_1,False
5442_1,False
5444_1,False
5448_1,False
5449_1,False
5456_1,False
5460_1,False
5461_1,False
5464_1,False
5473_1,True
5473_2,False
5481_1,True
5482_1,False
5482_2,False
5486_1,True
5493_1,True
5495_1,True
5498_1,True
5498_2,True
5502_1,True
5503_1,False
5505_1,False
5505_2,True
5505_3,False
5513_1,True
5513_2,True
5513_3,False
5513_4,False
5516_1,False
5518_1,False
5519_1,False
5525_1,True
5532_1,True
5533_1,False
5534_1,False
5542_1,False
5547_1,True
5548_1,True
5549_1,True
5553_1,True
5553_2,True
5554_1,False
5558_1,False
5562_1,True
5562_2,True
5564_1,False
5565_1,False
5567_1,False
5570_1,True
5576_1,False
5577_1,True
5577_2,False
5577_3,True
5577_4,True
5577_5,True
5579_1,True
5584_1,True
5584_2,False
5588_1,False
5588_2,True
5588_3,True
5588_4,True
5588_5,True
5590_1,True
5593_1,False
5597_1,True
5600_1,True
5604_1,True
5605_1,False
5607_1,True
5612_1,True
5617_1,False
5620_1,False
5620_2,False
5621_1,False
5624_1,False
5630_1,True
5632_1,True
5633_1,False
5634_1,True
5635_1,False
5636_1,False
5638_1,True
5641_1,True
5649_1,True
5654_1,False
5656_1,True
5657_1,False
5658_1,False
5660_1,False
5664_1,True
5664_2,True
5664_3,True
5664_4,True
5665_1,False
5666_1,False
5668_1,True
5669_1,True
5670_1,True
5672_1,True
5675_1,True
5676_1,True
5678_1,True
5678_2,True
5682_1,True
5683_1,False
5690_1,False
5691_1,True
5694_1,True
5697_1,False
5699_1,False
5703_1,False
5708_1,False
5715_1,True
5715_2,True
5720_1,False
5720_2,False
5731_1,False
5731_2,True
5734_1,True
5734_2,False
5741_1,False
5743_1,False
5745_1,True
5749_1,False
5752_1,False
5753_1,False
5754_1,False
5759_1,True
5760_1,False
5762_1,False
5766_1,True
5770_1,True
5774_1,False
5775_1,True
5782_1,False
5782_2,False
5782_3,True
5782_4,True
5784_1,True
5787_1,False
5787_2,True
5787_3,True
5789_1,True
5789_2,True
5797_1,True
5798_1,False
5801_1,False
5803_1,True
5805_1,False
5807_1,False
5815_1,False
5815_2,False
5815_3,False
5815_4,False
5830_1,True
5832_1,False
5833_1,True
5838_1,False
5841_1,True
5841_2,True
5841_3,False
5845_1,True
5850_1,True
5851_1,False
5851_2,True
5853_1,False
5862_1,False
5864_1,True
5865_1,False
5866_1,True
5870_1,True
5872_1,True
5873_1,False
5873_2,True
5873_3,False
5881_1,True
5883_1,True
5884_1,False
5892_1,False
5893_1,False
5893_2,True
5895_1,False
5896_1,False
5899_1,False
5904_1,True
5904_2,False
5910_1,False
5911_1,True
5911_2,False
5911_3,False
5911_4,True
5911_5,False
5911_6,True
5914_1,True
5917_1,False
5918_1,True
5926_1,True
5929_1,True
5932_1,False
5935_1,False
5936_1,True
5936_2,True
5936_3,False
5936_4,True
5936_5,False
5937_1,True
5940_1,False
5942_1,True
5942_2,True
5943_1,False
5948_1,False
5958_1,True
5961_1,True
5961_2,True
5962_1,False
5964_1,True
5964_2,False
5966_1,True
5966_2,True
5978_1,False
5978_2,True
5979_1,True
5982_1,False
5996_1,True
5997_1,True
5997_2,True
6002_1,True
6005_1,True
6005_2,True
6005_3,True
6005_4,False
6005_5,True
6009_1,False
6009_2,False
6012_1,False
6013_1,True
6018_1,False
6021_1,True
6023_1,False
6037_1,True
6044_1,False
6044_2,True
6046_1,True
6050_1,True
6051_1,False
6051_2,False
6053_1,False
6056_1,False
6057_1,True
6060_1,False
6063_1,True
6072_1,False
6074_1,True
6074_2,True
6074_3,True
6078_1,True
6079_1,True
6081_1,True
6081_2,True
6081_3,True
6081_4,True
6083_1,False
6084_1,True
6088_1,True
6089_1,True
6093_1,False
6097_1,False
6100_1,True
6104_1,True
6113_1,False
6114_1,False
6119_1,True
6119_2,False
6119_3,True
6125_1,False
6129_1,False
6131_1,False
6134_1,True
6140_1,True
6142_1,False
6142_2,True
6144_1,True
6147_1,False
6151_1,False
6151_2,True
6154_1,True
6159_1,True
6160_1,False
6160_2,True
6161_1,True
6164_1,True
6165_1,True
6177_1,False
6183_1,False
6185_1,False
6187_1,True
6188_1,True
6190_1,True
6193_1,True
6193_2,True
6193_3,False
6193_4,True
6195_1,False
6196_1,True
6197_1,True
6198_1,False
6202_1,True
6203_1,False
6204_1,True
6209_1,False
6209_2,True
6210_1,True
6212_1,True
6214_1,True
6217_1,True
6217_2,False
6221_1,True
6226_1,False
6231_1,True
6231_2,True
6231_3,False
6233_1,False
6233_2,True
6233_3,True
6235_1,True
6240_1,False
6242_1,True
6244_1,False
6244_2,True
6247_1,False
6255_1,True
6257_1,True
6257_2,False
6257_3,True
6258_1,True
6259_1,False
6260_1,False
6260_2,False
6261_1,True
6261_2,True
6267_1,False
6267_2,True
6267_3,True
6267_4,True
6267_5,True
6267_6,True
6269_1,True
6269_2,False
6269_3,True
6272_1,True
6272_2,True
6275_1,True
6278_1,True
6278_2,True
6284_1,True
6286_1,False
6286_2,True
6287_1,False
6287_2,False
6288_1,True
6288_2,False
6288_3,True
6288_4,True
6291_1,False
6294_1,True
6295_1,True
6295_2,False
6298_1,True
6303_1,False
6306_1,True
6307_1,False
6310_1,False
6311_1,True
6312_1,True
6312_2,False
6314_1,False
6329_1,False
6332_1,True
6332_2,True
6332_3,True
6332_4,False
6332_5,False
6332_6,True
6332_7,True
6332_8,False
6333_1,False
6336_1,False
6337_1,True
6342_1,True
6342_2,False
6345_1,True
6345_2,True
6350_1,True
6352_1,True
6352_2,True
6358_1,False
6358_2,True
6359_1,False
6362_1,False
6364_1,True
6375_1,False
6377_1,True
6379_1,False
6382_1,False
6383_1,True
6383_2,True
6383_3,True
6384_1,False
6386_1,True
6387_1,False
6389_1,False
6391_1,True
6391_2,True
6392_1,True
6393_1,True
6395_1,False
6401_1,True
6401_2,False
6403_1,False
6410_1,False
6410_2,False
6417_1,True
6420_1,False
6423_1,False
6425_1,False
6425_2,True
6426_1,False
6427_1,True
6429_1,True
6435_1,False
6438_1,False
6440_1,True
6441_1,False
6445_1,False
6460_1,True
6465_1,True
6466_1,False
6467_1,False
6469_1,True
6474_1,False
6476_1,False
6479_1,True
6479_2,True
6483_1,True
6484_1,False
6486_1,True
6491_1,False
6491_2,False
6491_3,True
6495_1,False
6496_1,False
6496_2,False
6497_1,True
6498_1,True
6499_1,True
6499_2,False
6499_3,True
6499_4,True
6499_5,False
6499_6,True
6499_7,True
6499_8,True
6504_1,True
6504_2,True
6505_1,False
6506_1,False
6506_2,False
6507_1,True
6515_1,True
6516_1,True
6516_2,True
6518_1,True
6519_1,False
6521_1,False
6524_1,False
6527_1,True
6528_1,True
6532_1,False
6533_1,False
6533_2,False
6534_1,False
6536_1,False
6537_1,False
6538_1,True
6542_1,False
6543_1,True
6550_1,False
6551_1,True
6554_1,True
6555_1,True
6559_1,True
6559_2,True
6559_3,True
6564_1,True
6564_2,True
6566_1,False
6571_1,False
6575_1,True
6576_1,True
6577_1,True
6577_2,False
6577_3,True
6579_1,True
6581_1,False
6584_1,True
6586_1,False
6587_1,True
6589_1,True
6596_1,True
6596_2,False
6597_1,False
6600_1,True
6600_2,False
6605_1,True
6605_2,True
6607_1,True
6610_1,True
6612_1,True
6612_2,False
6612_3,False
6612_4,True
6612_5,True
6612_6,True
6615_1,True
6617_1,True
6617_2,True
6617_3,True
6619_1,False
6627_1,True
6629_1,True
6632_1,False
6636_1,True
6640_1,True
6644_1,False
6648_1,True
6651_1,False
6653_1,True
6657_1,True
6658_1,True
6658_2,True
6658_3,False
6661_1,True
6666_1,False
6677_1,True
6678_1,False
6678_2,True
6679_1,False
6682_1,True
6682_2,True
6685_1,False
6686_1,False
6687_1,False
6688_1,True
6689_1,False
6689_2,True
6690_1,True
6695_1,True
6696_1,True
6700_1,True
6700_2,False
6701_1,True
6703_1,False
6704_1,True
6705_1,False
6710_1,True
6712_1,False
6714_1,False
6715_1,False
6716_1,False
6717_1,True
6723_1,False
6728_1,True
6732_1,False
6733_1,True
6735_1,False
6737_1,False
6738_1,True
6738_2,True
6740_1,False
6743_1,True
6752_1,False
6752_2,False
6752_3,False
6755_1,False
6759_1,True
6767_1,False
6767_2,True
6768_1,False
6769_1,True
6770_1,True
6770_2,True
6770_3,True
6771_1,False
6772_1,True
6772_2,False
6777_1,True
6781_1,True
6783_1,True
6785_1,True
6790_1,False
6791_1,True
6793_1,True
6793_2,True
6795_1,False
6797_1,False
6803_1,True
6804_1,True
6807_1,True
6807_2,False
6809_1,False
6811_1,False
6812_1,False
6812_2,False
6815_1,False
6819_1,False
6819_2,True
6819_3,True
6823_1,False
6828_1,True
6830_1,True
6835_1,True
6835_2,False
6836_1,False
6838_1,True
6838_2,False
6838_3,False
6842_1,False
6845_1,True
6846_1,False
6847_1,False
6849_1,False
6852_1,True
6852_2,False
6855_1,False
6856_1,False
6860_1,False
6867_1,True
6870_1,False
6872_1,True
6874_1,True
6875_1,False
6875_2,False
6875_3,True
6876_1,True
6876_2,True
6876_3,True
6877_1,False
6878_1,True
6881_1,True
6884_1,True
6886_1,True
6888_1,True
6888_2,True
6888_3,True
6888_4,False
6890_1,False
6897_1,False
6904_1,True
6904_2,True
6904_3,False
6909_1,True
6914_1,True
6916_1,True
6919_1,True
6922_1,True
6923_1,True
6927_1,False
6933_1,True
6933_2,True
6935_1,False
6936_1,False
6936_2,False
6936_3,True
6938_1,False
6941_1,True
6942_1,True
6948_1,True
6952_1,True
6953_1,False
6955_1,False
6956_1,False
6958_1,False
6959_1,False
6959_2,True
6959_3,True
6961_1,False
6961_2,False
6965_1,False
6969_1,False
6974_1,False
6975_1,False
6983_1,True
6983_2,False
6986_1,True
6986_2,False
6986_3,True
6986_4,True
6986_5,True
6986_6,True
6986_7,True
6986_8,True
6989_1,True
6993_1,False
7000_1,True
7003_1,False
7009_1,False
7009_2,False
7012_1,True
7023_1,False
7024_1,True
7030_1,False
7033_1,False
7035_1,True
7043_1,True
7046_1,False
7046_2,False
7046_3,False
7054_1,True
7054_2,True
7055_1,True
7063_1,True
7063_2,False
7064_1,True
7065_1,False
7066_1,False
7066_2,True
7067_1,True
7067_2,True
7067_3,False
7070_1,True
7075_1,False
7076_1,True
7081_1,True
7081_2,True
7100_1,True
7100_2,False
7101_1,False
7101_2,False
7102_1,True
7103_1,False
7103_2,True
7107_1,True
7108_1,False
7112_1,True
7115_1,True
7122_1,True
7123_1,False
7124_1,True
7124_2,True
7124_3,True
7125_1,True
7129_1,True
7130_1,False
7130_2,True
7130_3,False
7130_4,False
7130_5,True
7130_6,True
7130_7,False
7131_1,True
7135_1,True
7135_2,True
7135_3,True
7135_4,True
7136_1,True
7138_1,False
7139_1,False
7141_1,False
7145_1,False
7146_1,False
7147_1,True
7150_1,False
7150_2,True
7153_1,False
7154_1,False
7158_1,False
7163_1,True
7163_2,True
7163_3,False
7164_1,False
7169_1,True
7172_1,False
7172_2,False
7174_1,False
7178_1,True
7183_1,True
7185_1,True
7195_1,True
7196_1,True
7198_1,False
7201_1,True
7204_1,False
7209_1,True
7209_2,True
7211_1,False
7212_1,True
7213_1,True
7220_1,False
7222_1,True
7223_1,True
7228_1,True
7231_1,False
7237_1,True
7239_1,True
7241_1,True
7241_2,False
7243_1,True
7243_2,True
7243_3,True
7243_4,False
7243_5,True
7244_1,True
7245_1,True
7248_1,False
7248_2,True
7251_1,True
7254_1,False
7262_1,False
7263_1,False
7264_1,False
7265_1,False
7266_1,False
7266_2,True
7266_3,True
7269_1,False
7269_2,True
7272_1,False
7275_1,True
7281_1,True
7282_1,True
7286_1,False
7287_1,True
7288_1,False
7291_1,True
7293_1,False
7294_1,False
7295_1,False
7295_2,False
7299_1,True
7308_1,True
7312_1,True
7315_1,True
7316_1,True
7317_1,False
7318_1,False
7319_1,False
7319_2,True
7319_3,True
7325_1,False
7329_1,False
7329_2,False
7329_3,True
7333_1,False
7335_1,True
7345_1,False
7348_1,False
7348_2,True
7348_3,True
7349_1,False
7352_1,False
7354_1,True
7354_2,True
7354_3,True
7354_4,False
7354_5,True
7354_6,True
7355_1,False
7357_1,True
7362_1,False
7363_1,True
7364_1,True
7368_1,True
7369_1,False
7373_1,True
7373_2,True
7375_1,True
7378_1,False
7380_1,True
7380_2,True
7380_3,False
7380_4,True
7381_1,True
7382_1,True
7383_1,True
7383_2,False
7384_1,False
7386_1,True
7389_1,True
7397_1,True
7400_1,False
7404_1,True
7407_1,True
7409_1,False
7409_2,True
7412_1,True
7413_1,True
7413_2,True
7414_1,False
7415_1,False
7417_1,False
7417_2,False
7420_1,False
7421_1,True
7421_2,True
7423_1,False
7423_2,True
7424_1,False
7426_1,True
7426_2,True
7426_3,True
7433_1,False
7434_1,False
7439_1,False
7439_2,True
7440_1,False
7441_1,True
7443_1,True
7451_1,False
7454_1,False
7463_1,False
7465_1,False
7466_1,False
7467_1,False
7468_1,True
7469_1,False
7470_1,True
7471_1,True
7471_2,False
7473_1,False
7473_2,True
7474_1,True
7476_1,True
7480_1,False
7482_1,True
7482_2,False
7489_1,False
7489_2,False
7489_3,False
7491_1,True
7493_1,True
7497_1,True
7511_1,False
7516_1,True
7519_1,False
7526_1,True
7528_1,True
7528_2,False
7528_3,False
7528_4,True
7530_1,True
7530_2,False
7530_3,False
7530_4,False
7532_1,True
7537_1,True
7539_1,True
7539_2,True
7540_1,False
7541_1,True
7541_2,True
7541_3,True
7546_1,True
7547_1,True
7548_1,False
7551_1,True
7554_1,True
7555_1,False
7556_1,True
7556_2,True
7556_3,True
7556_4,True
7557_1,False
7557_2,True
7557_3,True
7558_1,False
7558_2,True
7562_1,False
7564_1,False
7566_1,False
7570_1,True
7570_2,False
7571_1,False
7575_1,False
7581_1,False
7582_1,True
7582_2,True
7582_3,True
7582_4,False
7582_5,True
7587_1,True
7589_1,True
7590_1,True
7591_1,False
7591_2,False
7593_1,True
7597_1,True
7597_2,True
7597_3,False
7597_4,True
7597_5,False
7597_6,True
7597_7,False
7600_1,True
7600_2,False
7602_1,True
7603_1,True
7607_1,False
7610_1,True
7610_2,True
7611_1,False
7611_2,False
7612_1,False
7612_2,True
7613_1,True
7615_1,False
7617_1,False
7619_1,True
7629_1,True
7629_2,True
7629_3,True
7636_1,False
7637_1,True
7637_2,False
7637_3,True
7638_1,True
7642_1,False
7645_1,True
7648_1,True
7651_1,True
7653_1,False
7654_1,True
7655_1,True
7657_1,False
7658_1,True
7659_1,False
7662_1,True
7663_1,True
7664_1,False
7668_1,False
7672_1,False
7673_1,False
7674_1,False
7675_1,True
7681_1,True
7685_1,True
7686_1,True
7695_1,True
7701_1,True
7704_1,True
7706_1,True
7718_1,True
7722_1,False
7725_1,True
7726_1,True
7730_1,False
7732_1,False
7733_1,False
7734_1,True
7735_1,False
7737_1,True
7740_1,True
7740_2,True
7745_1,True
7750_1,True
7756_1,True
7758_1,False
7759_1,True
7762_1,False
7765_1,True
7765_2,True
7765_3,True
7766_1,False
7772_1,True
7779_1,True
7781_1,False
7792_1,True
7792_2,True
7792_3,True
7792_4,False
7792_5,True
7794_1,False
7795_1,False
7795_2,False
7796_1,False
7798_1,False
7798_2,True
7799_1,True
7804_1,False
7807_1,True
7811_1,True
7814_1,True
7817_1,False
7819_1,True
7822_1,True
7823_1,True
7825_1,False
7825_2,True
7825_3,False
7826_1,True
7827_1,True
7836_1,False
7838_1,True
7844_1,False
7846_1,False
7846_2,True
7854_1,True
7855_1,False
7857_1,True
7860_1,False
7862_1,True
7867_1,False
7869_1,False
7874_1,False
7874_2,False
7876_1,True
7880_1,True
7880_2,False
7887_1,True
7893_1,True
7893_2,True
7893_3,True
7893_4,True
7893_5,True
7896_1,True
7898_1,False
7900_1,False
7906_1,False
7909_1,False
7909_2,False
7911_1,True
7912_1,False
7915_1,True
7915_2,False
7915_3,True
7917_1,False
7921_1,True
7921_2,False
7923_1,True
7925_1,True
7927_1,True
7927_2,True
7927_3,True
7928_1,False
7931_1,False
7932_1,True
7933_1,True
7934_1,True
7934_2,True
7934_3,True
7938_1,False
7942_1,False
7942_2,True
7948_1,False
7951_1,True
7953_1,False
7956_1,False
7959_1,True
7961_1,False
7963_1,True
7963_2,True
7963_3,True
7964_1,True
7965_1,True
7966_1,False
7969_1,True
7971_1,True
7971_2,False
7975_1,True
7977_1,True
7978_1,True
7978_2,False
7979_1,False
7980_1,False
7991_1,False
7991_2,True
7991_3,True
7991_4,True
7992_1,True
7997_1,True
7998_1,True
7998_2,True
7998_3,True
7998_4,True
8001_1,True
8002_1,False
8008_1,False
8009_1,True
8011_1,True
8013_1,False
8017_1,False
8022_1,True
8028_1,False
8033_1,False
8039_1,True
8039_2,True
8040_1,True
8041_1,False
8041_2,True
8044_1,True
8045_1,True
8047_1,True
8048_1,True
8051_1,True
8051_2,True
8061_1,False
8061_2,True
8062_1,False
8065_1,False
8070_1,False
8073_1,True
8074_1,False
8080_1,True
8090_1,True
8093_1,False
8095_1,True
8096_1,False
8099_1,True
8100_1,True
8101_1,True
8104_1,True
8109_1,False
8110_1,False
8111_1,True
8113_1,True
8113_2,True
8113_3,True
8113_4,False
8114_1,True
8125_1,True
8125_2,True
8126_1,False
8127_1,True
8132_1,False
8134_1,True
8142_1,True
8145_1,True
8146_1,True
8151_1,False
8154_1,True
8155_1,True
8160_1,False
8163_1,True
8166_1,False
8169_1,True
8170_1,True
8172_1,True
8174_1,False
8179_1,True
8180_1,False
8181_1,False
8181_2,False
8181_3,True
8183_1,False
8184_1,False
8185_1,False
8187_1,False
8188_1,False
8193_1,True
8195_1,True
8196_1,False
8196_2,True
8198_1,False
8201_1,True
8206_1,False
8215_1,True
8223_1,True
8228_1,False
8230_1,False
8234_1,False
8236_1,True
8240_1,True
8241_1,True
8245_1,True
8245_2,True
8246_1,True
8249_1,False
8250_1,True
8253_1,False
8256_1,True
8258_1,False
8262_1,True
8263_1,False
8269_1,True
8274_1,True
8278_1,True
8283_1,True
8284_1,True
8284_2,True
8285_1,False
8286_1,True
8290_1,True
8293_1,False
8296_1,True
8299_1,False
8304_1,False
8304_2,True
8304_3,True
8305_1,True
8305_2,True
8305_3,True
8308_1,False
8309_1,True
8311_1,False
8312_1,True
8325_1,True
8325_2,False
8327_1,False
8331_1,True
8337_1,False
8340_1,False
8340_2,True
8340_3,False
8347_1,True
8349_1,False
8350_1,False
8351_1,False
8352_1,False
8353_1,True
8355_1,True
8357_1,True
8357_2,True
8358_1,False
8359_1,False
8361_1,False
8361_2,False
8361_3,True
8361_4,True
8361_5,True
8364_1,True
8367_1,True
8370_1,True
8370_2,False
8372_1,True
8385_1,True
8385_2,False
8385_3,True
8387_1,True
8389_1,True
8391_1,True
8396_1,False
8399_1,False
8400_1,True
8400_2,True
8400_3,False
8402_1,True
8402_2,True
8402_3,True
8408_1,True
8408_2,True
8412_1,True
8413_1,True
8415_1,False
8417_1,True
8422_1,False
8424_1,False
8425_1,True
8425_2,True
8426_1,False
8426_2,False
8428_1,True
8434_1,True
8435_1,False
8436_1,False
8439_1,True
8440_1,False
8440_2,True
8440_3,True
8443_1,True
8443_2,False
8445_1,True
8445_2,True
8445_3,True
8446_1,False
8450_1,True
8450_2,False
8450_3,True
8453_1,True
8455_1,False
8461_1,False
8464_1,False
8464_2,True
8473_1,True
8473_2,False
8478_1,True
8478_2,False
8484_1,True
8485_1,True
8488_1,False
8490_1,False
8496_1,False
8497_1,True
8498_1,False
8499_1,True
8501_1,True
8505_1,False
8507_1,True
8510_1,False
8510_2,True
8513_1,False
8515_1,False
8517_1,False
8517_2,True
8518_1,True
8519_1,True
8520_1,False
8520_2,True
8525_1,True
8525_2,True
8526_1,False
8526_2,True
8527_1,True
8529_1,False
8531_1,True
8532_1,False
8533_1,True
8534_1,False
8534_2,True
8534_3,True
8534_4,True
8538_1,False
8543_1,True
8543_2,True
8543_3,True
8543_4,False
8543_5,False
8543_6,False
8543_7,False
8543_8,False
8546_1,True
8547_1,False
8550_1,False
8553_1,False
8555_1,True
8555_2,True
8555_3,True
8558_1,True
8562_1,True
8563_1,False
8564_1,False
8565_1,True
8565_2,True
8565_3,False
8567_1,False
8567_2,False
8567_3,False
8568_1,True
8568_2,True
8575_1,False
8576_1,True
8578_1,False
8579_1,True
8582_1,True
8583_1,True
8583_2,True
8590_1,False
8591_1,False
8593_1,False
8600_1,True
8601_1,False
8608_1,True
8621_1,True
8622_1,False
8625_1,False
8627_1,False
8630_1,True
8632_1,True
8632_2,True
8647_1,True
8648_1,True
8648_2,False
8648_3,True
8649_1,False
8651_1,False
8652_1,False
8655_1,False
8660_1,True
8662_1,True
8665_1,True
8666_1,True
8676_1,True
8677_1,False
8677_2,True
8677_3,True
8678_1,True
8678_2,False
8679_1,True
8682_1,False
8686_1,True
8689_1,True
8690_1,False
8690_2,True
8692_1,True
8692_2,False
8692_3,True
8697_1,True
8698_1,True
8699_1,True
8702_1,False
8705_1,True
8706_1,False
8707_1,False
8711_1,False
8713_1,False
8713_2,True
8715_1,True
8718_1,False
8724_1,False
8725_1,True
8726_1,True
8730_1,False
8731_1,False
8737_1,True
8738_1,True
8739_1,False
8740_1,False
8742_1,False
8745_1,False
8746_1,True
8747_1,True
8747_2,False
8748_1,False
8748_2,False
8756_1,False
8758_1,False
8758_2,True
8761_1,False
8763_1,False
8763_2,False
8763_3,True
8765_1,False
8767_1,False
8767_2,False
8768_1,False
8768_2,True
8768_3,False
8775_1,True
8777_1,False
8778_1,True
8778_2,True
8784_1,False
8788_1,False
8792_1,True
8793_1,False
8793_2,True
8793_3,True
8793_4,False
8793_5,True
8795_1,True
8800_1,True
8800_2,True
8800_3,True
8800_4,True
8800_5,True
8803_1,True
8804_1,True
8804_2,True
8804_3,True
8804_4,True
8804_5,False
8810_1,False
8814_1,True
8829_1,True
8832_1,False
8837_1,False
8839_1,True
8839_2,False
8846_1,False
8846_2,False
8847_1,True
8851_1,True
8855_1,False
8857_1,True
8859_1,False
8866_1,True
8870_1,True
8870_2,False
8873_1,True
8873_2,False
8873_3,True
8875_1,True
8875_2,False
8875_3,True
8877_1,True
8877_2,True
8879_1,True
8882_1,False
8887_1,False
8888_1,False
8893_1,True
8893_2,True
8895_1,True
8895_2,False
8898_1,False
8908_1,True
8909_1,False
8911_1,True
8912_1,True
8913_1,True
8913_2,True
8913_3,True
8914_1,True
8915_1,False
8916_1,True
8917_1,True
8921_1,True
8924_1,True
8925_1,True
8925_2,True
8925_3,True
8925_4,True
8925_5,True
8925_6,False
8927_1,True
8929_1,False
8931_1,False
8933_1,True
8934_1,False
8935_1,True
8936_1,False
8943_1,False
8946_1,True
8949_1,False
8950_1,False
8951_1,False
8952_1,False
8953_1,False
8957_1,False
8958_1,True
8960_1,True
8960_2,False
8960_3,False
8962_1,False
8963_1,True
8965_1,False
8971_1,True
8974_1,True
8979_1,True
8980_1,False
8980_2,False
8980_3,True
8980_4,False
8980_5,False
8980_6,True
8980_7,True
8984_1,False
8990_1,True
8991_1,False
8994_1,False
8994_2,True
8995_1,False
9000_1,False
9002_1,False
9005_1,True
9016_1,False
9016_2,False
9016_3,False
9016_4,True
9016_5,False
9017_1,True
9022_1,False
9022_2,True
9022_3,True
9025_1,False
9025_2,True
9027_1,False
9033_1,True
9039_1,True
9040_1,False
9044_1,False
9045_1,False
9045_2,False
9047_1,True
9050_1,True
9051_1,False
9053_1,True
9053_2,True
9054_1,True
9055_1,False
9056_1,False
9058_1,False
9062_1,False
9062_2,True
9063_1,True
9065_1,True
9067_1,False
9067_2,True
9070_1,False
9070_2,True
9082_1,False
9083_1,True
9083_2,True
9086_1,False
9086_2,True
9087_1,False
9088_1,True
9090_1,False
9091_1,True
9092_1,False
9093_1,False
9095_1,False
9096_1,True
9096_2,True
9100_1,False
9102_1,True
9105_1,True
9109_1,True
9113_1,True
9117_1,False
9121_1,True
9123_1,True
9133_1,True
9135_1,False
9138_1,True
9143_1,False
9143_2,False
9143_3,False
9146_1,False
9146_2,False
9146_3,True
9147_1,True
9153_1,False
9154_1,True
9155_1,True
9155_2,False
9155_3,True
9155_4,True
9162_1,True
9162_2,False
9162_3,False
9166_1,True
9171_1,True
9177_1,True
9177_2,True
9182_1,False
9187_1,True
9187_2,False
9191_1,True
9198_1,False
9200_1,False
9204_1,False
9206_1,True
9206_2,False
9206_3,True
9207_1,True
9209_1,True
9210_1,False
9212_1,False
9212_2,True
9214_1,False
9215_1,True
9216_1,False
9223_1,True
9223_2,True
9228_1,False
9229_1,True
9232_1,False
9236_1,True
9238_1,True
9238_2,False
9238_3,True
9238_4,False
9238_5,True
9238_6,True
9238_7,False
9240_1,False
9243_1,True
9245_1,False
9249_1,True
9255_1,True
9258_1,True
9260_1,True
9262_1,True
9263_1,True
9265_1,True
9266_1,True
9266_2,True
9269_1,True
9271_1,True
9273_1,True
9277_1,True
